age,age_onset,birthplace,filename,native_language,sex,speakerid,country,file_missing?
38,12,"riyadh, saudi arabia",arabic1,arabic,female,11,saudi arabia,FALSE
26,5,"cairo, egypt",arabic10,arabic,male,12,egypt,FALSE
40,10,"beirut, lebanon",arabic100,arabic,female,2159,lebanon,FALSE
21,10,"doha, qatar",arabic101,arabic,male,2160,qatar,FALSE
22,3,"jiddah, saudi arabia",arabic102,arabic,male,2161,saudi arabia,FALSE
30,14,"monastir, tunisia",arabic11,arabic,female,13,tunisia,FALSE
32,11,"baghdad, iraq",arabic12,arabic,male,14,iraq,FALSE
25,15,"zabbougha, lebanon",arabic13,arabic,male,15,lebanon,FALSE
47,11,"amman, jordan",arabic14,arabic,male,428,jordan,FALSE
40,33,"qayrawan, tunisia",arabic15,arabic,male,437,tunisia,FALSE
22,16,"meknes, morocco",arabic16,arabic,male,471,morocco,FALSE
35,15,"settat, morocco",arabic17,arabic,male,512,morocco,FALSE
18,6,"kuwait city, kuwait",arabic18,arabic,male,539,kuwait,FALSE
43,18,"khouribga, morocco",arabic19,arabic,male,625,morocco,FALSE
18,2.5,"damascus, syria",arabic2,arabic,male,16,syria,FALSE
36,12,"chtaura, beqa valley, lebanon",arabic20,arabic,male,643,lebanon,FALSE
46,30,"beirut, lebanon",arabic21,arabic,female,670,lebanon,FALSE
23,10,"abu dhabi, united arab emirates",arabic22,arabic,female,920,united arab emirates,FALSE
42,13,"al mahalla, egypt",arabic23,arabic,male,927,egypt,FALSE
40,7,"cairo, egypt",arabic24,arabic,male,970,egypt,FALSE
38,5,"ramun, israel (occupied territory)",arabic25,arabic,male,1011,israel (occupied territory),FALSE
43,14,"amman, jordan",arabic26,arabic,female,1012,jordan,FALSE
70,10,"jerusalem, israel",arabic27,arabic,male,1013,israel,FALSE
30,12,"al-ayn, united arab emirates",arabic28,arabic,male,1115,united arab emirates,FALSE
19,17,"doha, qatar",arabic29,arabic,male,1116,qatar,FALSE
24,9,"doha, qatar",arabic3,arabic,male,17,qatar,FALSE
19,8,"riyadh, saudi arabia",arabic30,arabic,female,1133,saudi arabia,FALSE
47,12,"baghdad, iraq",arabic31,arabic,female,1181,iraq,FALSE
42,12,"baghdad, iraq",arabic32,arabic,male,1203,iraq,FALSE
28,11,"baghdad, iraq",arabic33,arabic,female,1204,iraq,FALSE
34,6,"kuwait city, kuwait",arabic34,arabic,female,1253,kuwait,FALSE
56,16,"jiddah, saudi arabia",arabic35,arabic,male,1391,saudi arabia,FALSE
36,6,"jiddah, saudi arabia",arabic36,arabic,male,1392,saudi arabia,FALSE
18,16,"jiddah, saudi arabia",arabic37,arabic,male,1393,saudi arabia,FALSE
19,9,"shady grove, maryland, usa",arabic38,arabic,female,1394,usa,FALSE
22,5,"jiddah, saudi arabia",arabic39,arabic,male,1405,saudi arabia,FALSE
19,6,"sharjah, united arab emirates",arabic4,arabic,male,18,united arab emirates,FALSE
19,13,"jiddah, saudi arabia",arabic40,arabic,male,1420,saudi arabia,FALSE
25,7,"riyadh, saudi arabia",arabic41,arabic,male,1421,saudi arabia,FALSE
21,13,"jiddah, saudi arabia",arabic42,arabic,male,1422,saudi arabia,FALSE
29,8,"beirut, lebanon",arabic43,arabic,female,1426,lebanon,FALSE
29,7,"jiddah, saudi arabia",arabic44,arabic,female,1455,saudi arabia,FALSE
32,12,"fort collins, colorado, usa",arabic45,arabic,female,1456,usa,FALSE
28,13,"jiddah, saudi arabia",arabic46,arabic,male,1457,saudi arabia,FALSE
39,16,"jiddah, saudi arabia",arabic47,arabic,male,1458,saudi arabia,FALSE
29,12,"mecca, saudi arabia",arabic48,arabic,male,1459,saudi arabia,FALSE
26,8,"medina, saudi arabia",arabic49,arabic,male,1460,saudi arabia,FALSE
19,15,"casablanca, morocco",arabic5,arabic,female,19,morocco,FALSE
36,22,"jiddah, saudi arabia",arabic50,arabic,male,1461,saudi arabia,FALSE
23,12,"jiddah, saudi arabia",arabic51,arabic,male,1486,saudi arabia,FALSE
21,9,"jiddah, saudi arabia",arabic52,arabic,female,1487,saudi arabia,FALSE
36,17,"rabat, morocco",arabic53,arabic,male,1526,morocco,FALSE
22,7,"baghdad, iraq",arabic54,arabic,male,1565,iraq,FALSE
70,33,"beirut, lebanon",arabic55,arabic,male,1569,lebanon,FALSE
43,12,"ain defla, algeria",arabic56,arabic,male,1677,algeria,FALSE
28,17,"beirut, lebanon",arabic57,arabic,female,1699,lebanon,FALSE
34,9,"baghdad, iraq",arabic58,arabic,male,1700,iraq,FALSE
55,9,"irbid, jordan",arabic59,arabic,male,1702,jordan,FALSE
21,14.5,"sanaa, yemen",arabic6,arabic,male,20,yemen,FALSE
60,14,"cairo, egypt",arabic60,arabic,male,1711,egypt,FALSE
20,7,"manama, bahrain",arabic61,arabic,male,1753,bahrain,FALSE
19,18,"ad dammam, saudi arabia",arabic62,arabic,male,1768,saudi arabia,FALSE
28,10,"bani walid, libya",arabic63,arabic,female,1769,libya,FALSE
23,6,"riyadh, saudi arabia",arabic64,arabic,male,1777,saudi arabia,FALSE
32,10,"samail, oman",arabic65,arabic,female,1778,oman,FALSE
50,14,"medina, saudi arabia",arabic66,arabic,male,1784,saudi arabia,FALSE
43,22,"nasriah, iraq",arabic67,arabic,male,1785,iraq,FALSE
20,6,"london, uk",arabic68,arabic,male,1805,uk,FALSE
55,15,"kerma, sudan",arabic69,arabic,female,1810,sudan,FALSE
18,15,"casablanca, morocco",arabic7,arabic,female,21,morocco,FALSE
47,16,"casablanca, morocco",arabic70,arabic,male,1827,morocco,FALSE
29,21,"kuwait city, kuwait",arabic71,arabic,female,1828,kuwait,FALSE
20,11,"baghdad, iraq",arabic72,arabic,female,1832,iraq,FALSE
47,7,"nazareth, israel",arabic73,arabic,female,1841,israel,FALSE
18,4,"alexandria, egypt",arabic74,arabic,male,1870,egypt,FALSE
26,2,"riyadh, saudi arabia",arabic75,arabic,female,1885,saudi arabia,FALSE
25,4,"jiddah, saudi arabia",arabic76,arabic,male,1892,saudi arabia,FALSE
18,4,"ad dammam, saudi arabia",arabic77,arabic,female,1894,saudi arabia,FALSE
19,3,"washington, district of columbia, usa",arabic78,arabic,female,1897,usa,FALSE
24,13,"medina, saudi arabia",arabic79,arabic,female,1899,saudi arabia,FALSE
21,17,"casablanca, morocco",arabic8,arabic,male,22,morocco,FALSE
25,11,"najran, saudi arabia",arabic80,arabic,male,1901,saudi arabia,FALSE
22,17,"riyadh, saudi arabia",arabic81,arabic,male,1914,saudi arabia,FALSE
42,12,"damascus, syria",arabic82,arabic,male,1917,syria,FALSE
22,21,"riyadh, saudi arabia",arabic83,arabic,male,1920,saudi arabia,FALSE
26,12,"medina, saudi arabia",arabic84,arabic,female,1927,saudi arabia,FALSE
24,14,"ad dammam, saudi arabia",arabic85,arabic,female,1963,saudi arabia,FALSE
28,3,"cairo, egypt",arabic86,arabic,male,1964,egypt,FALSE
49,10,"kuwait city, kuwait",arabic87,arabic,female,2005,kuwait,FALSE
19,4,"beirut, lebanon",arabic88,arabic,female,2008,lebanon,FALSE
35,19,"baghdad, iraq",arabic89,arabic,female,2022,iraq,FALSE
28,4,"jerusalem, israel",arabic9,arabic,female,23,israel,FALSE
23,12,"tripoli, libya",arabic90,arabic,female,2036,libya,FALSE
57,12,"riyadh, saudi arabia",arabic91,arabic,female,2086,saudi arabia,FALSE
36,10,"baghdad, iraq",arabic92,arabic,male,2087,iraq,FALSE
27,10,"baghdad, iraq",arabic93,arabic,female,2112,iraq,FALSE
24,9,"abu dhabi, united arab emirates",arabic94,arabic,female,2114,united arab emirates,FALSE
31,10,"kuwait city, kuwait",arabic95,arabic,female,2143,kuwait,FALSE
21,7,"riyadh, saudi arabia",arabic96,arabic,male,2153,saudi arabia,FALSE
19,4,"sharjah, united arab emirates",arabic97,arabic,female,2154,united arab emirates,FALSE
19,4,"ras al khaimah, united arab emirates",arabic98,arabic,female,2155,united arab emirates,FALSE
25,16,"ad dammam, saudi arabia",arabic99,arabic,female,2157,saudi arabia,FALSE
38,13,"nijmegen, netherlands",dutch1,dutch,male,57,netherlands,FALSE
39,12,"essen, belgium",dutch10,dutch,male,913,belgium,FALSE
41,14,"brugge, belgium",dutch11,dutch,male,929,belgium,FALSE
36,10,"oosterbeek, netherlands",dutch12,dutch,male,956,netherlands,FALSE
33,10,"zwolle, netherlands",dutch13,dutch,female,1003,netherlands,FALSE
35,12,"zwolle, netherlands",dutch14,dutch,female,1004,netherlands,FALSE
23,10,"nunspeet, netherlands",dutch15,dutch,male,1223,netherlands,FALSE
23,12,"antwerp, belgium",dutch16,dutch,female,1260,belgium,FALSE
21,12,"wilrijk, belgium",dutch17,dutch,female,1261,belgium,FALSE
23,14,"antwerp, belgium",dutch18,dutch,male,1262,belgium,FALSE
22,11,"heist-op-den-berg, belgium",dutch19,dutch,female,1263,belgium,FALSE
41,14,"amsterdam, netherlands",dutch2,dutch,male,58,netherlands,FALSE
21,13,"vlaams-brabant, belgium",dutch20,dutch,female,1264,belgium,FALSE
21,13,"diest, belgium",dutch21,dutch,female,1265,belgium,FALSE
23,13,"essen, belgium",dutch22,dutch,female,1266,belgium,FALSE
23,13,"antwerp, belgium",dutch23,dutch,male,1268,belgium,FALSE
23,14,"seoul, south korea",dutch24,dutch,female,1269,south korea,FALSE
23,13,"wilrijk, belgium",dutch25,dutch,female,1270,belgium,FALSE
23,13,"turnhout, belgium",dutch26,dutch,female,1271,belgium,FALSE
21,13,"antwerp, belgium",dutch27,dutch,female,1274,belgium,FALSE
22,8,"antwerp, belgium",dutch28,dutch,male,1275,belgium,FALSE
29,7,"ede, netherlands",dutch29,dutch,male,1300,netherlands,FALSE
19,6,"alkmaar, netherlands",dutch3,dutch,male,537,netherlands,FALSE
21,14,"sint-niklaas, belgium",dutch30,dutch,female,1462,belgium,FALSE
23,13,"antwerp, belgium",dutch31,dutch,female,1463,belgium,FALSE
21,14,"brasschaat, belgium",dutch32,dutch,male,1464,belgium,FALSE
22,9,"mechelen, belgium",dutch33,dutch,female,1466,belgium,FALSE
22,14,"bornem, belgium",dutch34,dutch,female,1468,belgium,FALSE
21,13,"mortsel, belgium",dutch35,dutch,female,1473,belgium,FALSE
21,12,"turnhout, belgium",dutch36,dutch,female,1476,belgium,FALSE
21,11,"antwerp, belgium",dutch37,dutch,female,1479,belgium,FALSE
21,12,"beveren, belgium",dutch38,dutch,female,1481,belgium,FALSE
22,10,"hardinxveld-giessendam, netherlands",dutch39,dutch,female,1482,netherlands,FALSE
18,10,"bilzen, flanders, belgium",dutch4,dutch,male,743,belgium,FALSE
25,9,"dordrecht, netherlands",dutch40,dutch,male,1484,netherlands,FALSE
41,13,"deventer, netherlands",dutch41,dutch,male,1517,netherlands,FALSE
36,8,"schiedam, netherlands",dutch42,dutch,male,1551,netherlands,FALSE
21,11,"rotterdam, netherlands",dutch43,dutch,male,1705,netherlands,FALSE
21,12,"antwerp, belgium",dutch44,dutch,female,1740,belgium,FALSE
22,2,"sint niklaas, belgium",dutch45,dutch,male,1742,belgium,FALSE
22,12,"hulshout, belgium",dutch46,dutch,female,1743,belgium,FALSE
37,11,"gouda, netherlands",dutch47,dutch,female,2115,netherlands,FALSE
54,13,"rotterdam, netherlands",dutch5,dutch,female,770,netherlands,FALSE
46,10,"brussels, belgium",dutch6,dutch,female,847,belgium,FALSE
68,10,"amsterdam, netherlands",dutch7,dutch,male,895,netherlands,FALSE
35,12,"alphen aan de ryn, netherlands",dutch8,dutch,female,896,netherlands,FALSE
68,12,"almelo, netherlands",dutch9,dutch,female,897,netherlands,FALSE
42,0,"pittsburgh, pennsylvania, usa",english1,english,male,61,usa,FALSE
35,0,"davenport, iowa, usa",english10,english,female,62,usa,FALSE
23,0,"miami, florida, usa",english100,english,female,63,usa,FALSE
18,0,"toronto, ontario, canada",english101,english,female,64,canada,FALSE
22,0,"torrington, connecticut, usa",english102,english,male,65,usa,FALSE
21,0,"staten island, new york, usa",english103,english,male,66,usa,FALSE
18,0,"youngstown, ohio, usa",english104,english,female,67,usa,FALSE
57,0,"windsor, ontario, canada",english105,english,male,407,canada,FALSE
39,0,"los angeles, california, usa",english106,english,female,408,usa,FALSE
19,0,"chicago, illinois, usa",english107,english,male,416,usa,FALSE
21,0,"strabane, northern ireland, uk",english108,english,male,419,uk,FALSE
26,0,"concord, new hampshire, usa",english109,english,female,420,usa,FALSE
35,0,"staffordshire, uk",english11,english,female,68,uk,FALSE
20,12,"st. laurent d'onay, france",french1,french,female,179,france,FALSE
31,10,"bordeaux, france",french10,french,male,500,france,FALSE
31,11,"limoges, france",french11,french,male,514,france,FALSE
19,9,"montreal, quebec, canada",french12,french,female,524,canada,FALSE
19,12,"bordeaux, france",french13,french,male,628,france,FALSE
23,14,"paris, france",french14,french,female,629,france,FALSE
32,12,"sens, france",french15,french,male,633,france,FALSE
19,7,"montreal, quebec, canada",french16,french,female,658,canada,FALSE
39,14,"fribourg, switzerland",french17,french,male,683,switzerland,FALSE
22,6,"washington, dc, usa",french18,french,male,741,usa,FALSE
39,12,"grenoble, france",french19,french,male,755,france,FALSE
19,14,"tunis, tunisia",french2,french,male,180,tunisia,FALSE
23,12,"alma, quebec, canada",french20,french,male,804,canada,FALSE
20,9,"amiens, france",french21,french,male,811,france,FALSE
78,16,"ghent, belgium",french22,french,female,822,belgium,FALSE
76,16,"ghent, belgium",french23,french,female,823,belgium,FALSE
47,13,"mostaganem, algeria",french24,french,male,832,algeria,FALSE
20,12,"st. louis fr, france",french25,french,male,860,france,FALSE
27,11,"montreal, quebec, canada",french26,french,female,917,canada,FALSE
38,12,"algiers, algeria",french27,french,female,932,algeria,FALSE
35,11,"port-au-prince, haiti",french28,french,female,957,haiti,FALSE
54,10,"cannes, france",french29,french,female,1021,france,FALSE
22,11,"nice, france",french3,french,female,181,france,FALSE
37,12,"kinshasa, democratic republic of congo",french30,french,male,1023,democratic republic of congo,FALSE
28,15,"paris, france",french31,french,male,1062,france,FALSE
60,16,"kabinda, democratic republic of congo",french32,french,male,1080,democratic republic of congo,FALSE
62,10,"montreal, quebec, canada",french33,french,male,1127,canada,FALSE
56,16,"abidjan, ivory coast",french34,french,male,1160,ivory coast,FALSE
27,10,"toulouse, france",french35,french,male,1189,france,FALSE
32,10,"reims, france",french36,french,female,1304,france,FALSE
42,14,"strasbourg, france",french37,french,male,1306,france,FALSE
22,8,"montreal, quebec, canada",french38,french,male,1424,canada,FALSE
28,13,"pezenas, france",french39,french,male,1427,france,FALSE
31,14,"abidjan, ivory coast",french4,french,female,182,ivory coast,FALSE
44,13.5,"rouen, france",french40,french,female,1429,france,FALSE
24,12,"la massana, andorra",french41,french,male,1474,andorra,FALSE
22,20,"kinshasa, democratic republic of congo",french42,french,female,1509,democratic republic of congo,FALSE
22,11,"paris, france",french43,french,male,1535,france,FALSE
20,12,"la chaux-de-fonds, switzerland",french44,french,female,1545,switzerland,FALSE
22,8,"montreal, quebec, canada",french45,french,male,1567,canada,FALSE
22,10,"chatenay malabry, france",french46,french,male,1643,france,FALSE
66,12,"landerneau, brittany, france",french47,french,female,1662,france,FALSE
19,3,"douala, cameroon",french48,french,female,1701,cameroon,FALSE
39,12,"paris, france",french49,french,male,1729,france,FALSE
36,11,"douala, cameroon",french5,french,female,183,cameroon,FALSE
67,14,"paris, france",french50,french,female,1751,france,FALSE
18,5,"liege, wallonia, belgium",french51,french,male,1765,belgium,FALSE
56,11,"lisbon, portugal",french52,french,female,1813,portugal,FALSE
19,10,"creteil, france",french53,french,female,1830,france,FALSE
25,8,"vichy, france",french54,french,female,1846,france,FALSE
62,12,"settat, morocco",french55,french,female,1889,morocco,FALSE
21,5,"douala, cameroon",french56,french,female,1898,cameroon,FALSE
23,12,"dakar, senegal",french57,french,male,1931,senegal,FALSE
25,18,"douala, cameroon",french58,french,female,1937,cameroon,FALSE
20,5,"paris, france",french59,french,female,1938,france,FALSE
26,13,"booue, gabon",french6,french,female,184,gabon,FALSE
20,11,"paris, france",french60,french,female,1945,france,FALSE
41,10,"rawalpindi, pakistan",french61,french,female,1998,pakistan,FALSE
21,20,"paris, france",french62,french,female,2030,france,FALSE
37,11,"ouagadougou, burkina faso",french63,french,male,2111,burkina faso,FALSE
18,5,"rimouski, quebec, canada",french7,french,male,185,canada,FALSE
66,16,"ghent, belgium",french8,french,male,186,belgium,FALSE
21,11,"lamentin, martinique",french9,french,male,412,martinique,FALSE
29,13,"ui jong bu, south korea",korean1,korean,male,238,south korea,FALSE
34,13,"kwangju, south korea",korean10,korean,male,483,south korea,FALSE
26,14,"seoul, south korea",korean11,korean,male,559,south korea,FALSE
31,31,"sokcho, south korea",korean12,korean,male,608,south korea,FALSE
50,12,"pusan, south korea",korean13,korean,female,759,south korea,FALSE
22,8,"kota kinabalu, malaysia",korean14,korean,female,892,malaysia,FALSE
42,40,"pusan, south korea",korean15,korean,male,1005,south korea,FALSE
30,13,"nonsan, south korea",korean16,korean,female,1006,south korea,FALSE
21,8,"cheju-do, south korea",korean17,korean,male,1007,south korea,FALSE
25,7,"seoul, south korea",korean18,korean,male,1117,south korea,FALSE
21,14,"seoul, south korea",korean19,korean,female,1118,south korea,FALSE
23,14,"taegu, south korea",korean2,korean,female,239,south korea,FALSE
58,13,"inchon, south korea",korean20,korean,female,1126,south korea,FALSE
21,12,"ulsan, south korea",korean21,korean,male,1142,south korea,FALSE
19,8,"inchon, south korea",korean22,korean,female,1145,south korea,FALSE
49,12,"seoul, south korea",korean23,korean,female,1196,south korea,FALSE
42,13,"seoul, south korea",korean24,korean,male,1370,south korea,FALSE
34,12,"anseong, kyong gi, south korea",korean25,korean,female,1386,south korea,FALSE
23,21,"seoul, south korea",korean26,korean,male,1507,south korea,FALSE
51,14,"haenam, south korea",korean27,korean,male,1624,south korea,FALSE
62,13,"seoul, south korea",korean28,korean,female,1663,south korea,FALSE
19,8,"masan, south korea",korean29,korean,female,1687,south korea,FALSE
19,17,"seoul, south korea",korean3,korean,female,240,south korea,FALSE
49,14,"seoul, south korea",korean30,korean,female,1690,south korea,FALSE
18,7,"seoul, south korea",korean31,korean,female,1696,south korea,FALSE
35,28,"seoul, south korea",korean32,korean,female,1715,south korea,FALSE
30,13,"seongnam, south korea",korean33,korean,female,1722,south korea,FALSE
20,11,"seoul, south korea",korean34,korean,female,1814,south korea,FALSE
48,12,"kwangju, south korea",korean35,korean,male,1815,south korea,FALSE
51,12,"taegu, south korea",korean36,korean,female,1838,south korea,FALSE
27,14,"seoul, south korea",korean37,korean,female,1843,south korea,FALSE
25,10,"inchon, south korea",korean38,korean,male,1848,south korea,FALSE
55,14,"pusan, south korea",korean39,korean,male,1862,south korea,FALSE
29,15,"seoul, south korea",korean4,korean,female,241,south korea,FALSE
21,17,"seoul, south korea",korean40,korean,female,1943,south korea,FALSE
50,12,"seoul, south korea",korean41,korean,female,1946,south korea,FALSE
26,3,"bayside, new york, usa",korean42,korean,male,1950,usa,FALSE
20,13,"taejon, south korea",korean43,korean,male,1952,south korea,FALSE
49,14,"inchon, south korea",korean44,korean,male,1971,south korea,FALSE
28,13,"inchon, south korea",korean45,korean,male,1982,south korea,FALSE
21,21,"seoul, south korea",korean46,korean,female,2015,south korea,FALSE
23,10,"seoul, south korea",korean47,korean,male,2058,south korea,FALSE
32,27,"seoul, south korea",korean48,korean,male,2075,south korea,FALSE
22,7,"an yang, south korea",korean49,korean,female,2098,south korea,FALSE
50,12,"seoul, south korea",korean5,korean,female,242,south korea,FALSE
57,13,"taejon, south korea",korean50,korean,female,2133,south korea,FALSE
25,16,"seoul, south korea",korean51,korean,male,2134,south korea,FALSE
40,12,"seoul, south korea",korean52,korean,male,2158,south korea,FALSE
21,12,"sunchun, south korea",korean6,korean,female,243,south korea,FALSE
32,10,"seoul, south korea",korean7,korean,male,244,south korea,FALSE
39,13,"seoul, south korea",korean8,korean,female,452,south korea,FALSE
34,12,"taejon, south korea",korean9,korean,male,474,south korea,FALSE
26,13,"shanxi province, shanxi, china",mandarin1,mandarin,female,256,china,FALSE
19,3,"beijing, china",mandarin10,mandarin,male,491,china,FALSE
53,13,"kao-hsiung, taiwan",mandarin11,mandarin,female,607,taiwan,FALSE
23,1,"singapore, singapore",mandarin12,mandarin,male,623,singapore,FALSE
29,13,"nantou, taiwan",mandarin13,mandarin,male,685,taiwan,FALSE
49,20,"dalian, liaoning, china",mandarin14,mandarin,male,719,china,FALSE
28,11,"tainan, taiwan",mandarin15,mandarin,female,746,taiwan,FALSE
32,10,"taipei, taiwan",mandarin16,mandarin,male,750,taiwan,FALSE
26,13,"wuhan, hubei, china",mandarin17,mandarin,male,796,china,FALSE
29,13,"taoyuan, taiwan",mandarin18,mandarin,female,872,taiwan,FALSE
27,13,"qinzhou, guangxi, china",mandarin19,mandarin,male,916,china,FALSE
38,14,"nanjing, china",mandarin2,mandarin,female,257,china,FALSE
40,12,"ping tong, taiwan",mandarin20,mandarin,female,931,taiwan,FALSE
38,9,"chengdu, sichuan, china",mandarin21,mandarin,female,984,china,FALSE
39,11,"haikou, hainan, china",mandarin22,mandarin,female,1019,china,FALSE
46,13,"kao-hsiung, taiwan",mandarin23,mandarin,female,1044,taiwan,FALSE
21,10,"shanghai, china",mandarin24,mandarin,female,1089,china,FALSE
28,13,"wuxi, jiangsu, china",mandarin25,mandarin,female,1125,china,FALSE
31,12,"emei, sichuan, china",mandarin26,mandarin,female,1141,china,FALSE
18,15,"chengdu, sichuan, china",mandarin27,mandarin,male,1154,china,FALSE
45,15,"shanghai, china",mandarin28,mandarin,male,1447,china,FALSE
24,4,"lanzhou, gansu, china",mandarin29,mandarin,male,1490,china,FALSE
43,10,"jilin city, jilin, china",mandarin3,mandarin,male,258,china,FALSE
27,13,"taipei, taiwan",mandarin30,mandarin,male,1491,taiwan,FALSE
26,13,"wenzhou, zhejiang, china",mandarin31,mandarin,female,1519,china,FALSE
23,12,"taipei, taiwan",mandarin32,mandarin,female,1527,taiwan,FALSE
25,6,"beijing, china",mandarin33,mandarin,male,1541,china,FALSE
31,13,"shi jia zhuang, hebei, china",mandarin34,mandarin,female,1578,china,FALSE
27,12,"yantai, shandong, china",mandarin35,mandarin,female,1579,china,FALSE
32,10,"beijing, china",mandarin36,mandarin,female,1580,china,FALSE
32,12,"huhot, nei meng gu, china",mandarin37,mandarin,female,1581,china,FALSE
33,12,"changsha, hunan, china",mandarin38,mandarin,female,1582,china,FALSE
24,12,"tie ling, liaoning, china",mandarin39,mandarin,female,1583,china,FALSE
24,6,"shanghai, china",mandarin4,mandarin,female,259,china,FALSE
28,12,"chengdu, sichuan, china",mandarin40,mandarin,male,1614,china,FALSE
34,13,"songyuan, jilin, china",mandarin41,mandarin,female,1615,china,FALSE
47,16,"yanbian, jilin, china",mandarin42,mandarin,female,1616,china,FALSE
24,15,"datong, shanxi, china",mandarin43,mandarin,female,1617,china,FALSE
21,16,"hangzhou, zhejiang, china",mandarin44,mandarin,male,1630,china,FALSE
42,12,"beijing, china",mandarin45,mandarin,female,1631,china,FALSE
43,9,"jilin city, jilin, china",mandarin46,mandarin,female,1636,china,FALSE
28,8,"beijing, china",mandarin47,mandarin,female,1644,china,FALSE
37,12,"pingdingshan, henan, china",mandarin48,mandarin,male,1645,china,FALSE
21,10,"shanghai, china",mandarin49,mandarin,male,1736,china,FALSE
31,12,"beijing, china",mandarin5,mandarin,female,260,china,FALSE
25,9,"hsinchu, taiwan",mandarin50,mandarin,male,1788,taiwan,FALSE
25,10,"tianjin, hebei, china",mandarin51,mandarin,male,1792,china,FALSE
26,6,"shaoxing, zhejiang, china",mandarin52,mandarin,female,1793,china,FALSE
38,13,"ningbo, zhejiang, china",mandarin53,mandarin,female,1817,china,FALSE
25,10,"chengdu, sichuan, china",mandarin54,mandarin,female,1900,china,FALSE
25,13,"loudi, hunan, china",mandarin55,mandarin,female,1909,china,FALSE
26,11,"baoding, hebei, china",mandarin56,mandarin,female,1910,china,FALSE
20,12,"shanghai, china",mandarin57,mandarin,male,1990,china,FALSE
23,7,"superior, colorado, usa",mandarin58,mandarin,male,2000,usa,FALSE
20,6,"kunming, yunnan, china",mandarin59,mandarin,female,2019,china,FALSE
28,12,"le shan, sichuan, china",mandarin6,mandarin,female,261,china,FALSE
41,13,"guiyang, guizhou, china",mandarin60,mandarin,female,2109,china,FALSE
33,16,"shangrao, jiangxi, china",mandarin61,mandarin,female,2116,china,FALSE
24,7,"shanghai, china",mandarin62,mandarin,male,2117,china,FALSE
27,12,"jiaozuo, henan, china",mandarin63,mandarin,male,2119,china,FALSE
24,10,"fuzhou, fujian, china",mandarin64,mandarin,female,2129,china,FALSE
20,5,"tianjin, hebei, china",mandarin65,mandarin,female,2173,china,FALSE
22,5,"berkeley, california, usa",mandarin7,mandarin,male,262,usa,FALSE
29,12,"jingmen, hubei, china",mandarin8,mandarin,male,430,china,FALSE
38,12,"shanghai, china",mandarin9,mandarin,male,451,china,FALSE
37,16,"bahia, brazil",portuguese1,portuguese,female,281,brazil,FALSE
21,13,"novo hamburgo, rio grande do sul, brazil",portuguese10,portuguese,male,282,brazil,FALSE
40,7,"sao paulo, brazil",portuguese11,portuguese,female,495,brazil,FALSE
36,12,"lisbon, portugal",portuguese12,portuguese,male,513,portugal,FALSE
18,9,"santa maria, rio grande do sul, brazil",portuguese13,portuguese,male,520,brazil,FALSE
25,8,"sao paulo, brazil",portuguese14,portuguese,male,558,brazil,FALSE
54,9,"sao paulo, brazil",portuguese15,portuguese,male,615,brazil,FALSE
25,15,"porto alegre, brazil",portuguese16,portuguese,male,632,brazil,FALSE
18,15,"salinas, brazil",portuguese17,portuguese,male,806,brazil,FALSE
50,12,"almada, portugal",portuguese18,portuguese,female,812,portugal,FALSE
32,4,"florianopolis, brazil",portuguese19,portuguese,male,829,brazil,FALSE
18,10,"brasilia, brazil",portuguese2,portuguese,female,283,brazil,FALSE
21,10,"campinas, brazil",portuguese20,portuguese,male,833,brazil,FALSE
23,17,"sao paulo, brazil",portuguese21,portuguese,male,891,brazil,FALSE
43,17,"luanda, angola",portuguese22,portuguese,female,933,angola,FALSE
29,10,"curitiba, brazil",portuguese23,portuguese,female,938,brazil,FALSE
22,11,"santos, brazil",portuguese24,portuguese,female,960,brazil,FALSE
20,18,"rio de janeiro, brazil",portuguese25,portuguese,female,972,brazil,FALSE
25,10,"campo grande, brazil",portuguese26,portuguese,female,1109,brazil,FALSE
33,8,"sao paulo, brazil",portuguese27,portuguese,female,1128,brazil,FALSE
36,10,"sao paulo, brazil",portuguese28,portuguese,female,1187,brazil,FALSE
28,8,"vitoria, brazil",portuguese29,portuguese,male,1284,brazil,FALSE
18,15,"blumenau, brazil",portuguese3,portuguese,female,284,brazil,FALSE
26,24,"juiz de fora, brazil",portuguese30,portuguese,female,1285,brazil,FALSE
29,16,"belo horizonte, brazil",portuguese31,portuguese,male,1286,brazil,FALSE
29,12,"volta redonda, brazil",portuguese32,portuguese,male,1305,brazil,FALSE
38,28,"brasilia, brazil",portuguese33,portuguese,male,1316,brazil,FALSE
18,14,"porto alegre, brazil",portuguese34,portuguese,male,1376,brazil,FALSE
22,9,"sao paulo, brazil",portuguese35,portuguese,female,1389,brazil,FALSE
39,15,"uberlandia, brazil",portuguese36,portuguese,female,1438,brazil,FALSE
43,26,"sao paulo, brazil",portuguese37,portuguese,female,1454,brazil,FALSE
25,15,"rio de janeiro, brazil",portuguese38,portuguese,male,1470,brazil,FALSE
26,8,"sao paulo, brazil",portuguese39,portuguese,female,1553,brazil,FALSE
20,15,"cabinda, angola",portuguese4,portuguese,male,285,angola,FALSE
23,0,"london, england, uk",portuguese40,portuguese,male,1773,uk,FALSE
22,10,"mexico city, mexico",portuguese41,portuguese,male,1849,mexico,FALSE
24,21,"luanda, angola",portuguese42,portuguese,male,1883,angola,FALSE
32,8,"coronel fabriciano, minas gerais, brazil",portuguese43,portuguese,female,1922,brazil,FALSE
38,24,"rio de janeiro, brazil",portuguese44,portuguese,female,1930,brazil,FALSE
19,7,"salvador, brazil",portuguese45,portuguese,female,1941,brazil,FALSE
65,11,"cascais, portugal",portuguese46,portuguese,male,1965,portugal,FALSE
22,12,"rosario do sul, brazil",portuguese47,portuguese,female,1989,brazil,FALSE
31,26,"sao paulo, brazil",portuguese48,portuguese,male,2120,brazil,FALSE
31,13,"lubango, angola",portuguese5,portuguese,male,286,angola,FALSE
44,15,"sao paulo, brazil",portuguese6,portuguese,male,287,brazil,FALSE
40,11,"vitoria, brazil",portuguese7,portuguese,male,288,brazil,FALSE
26,7,"fortaleza, brazil",portuguese8,portuguese,male,289,brazil,FALSE
18,14,"sao paulo, brazil",portuguese9,portuguese,male,290,brazil,FALSE
37,36,"nizhni novgorod, russia",russian1,russian,male,299,russia,FALSE
20,5,"moscow, russia",russian10,russian,female,300,russia,FALSE
54,13,"ola magadan, russia",russian11,russian,male,301,russia,FALSE
62,53,"st. petersburg, russia",russian12,russian,male,460,russia,FALSE
26,10,"moscow, russia",russian13,russian,male,472,russia,FALSE
33,18,"pskov, russia",russian14,russian,male,609,russia,FALSE
34,12,"ayaguz, kazakhstan",russian15,russian,female,647,kazakhstan,FALSE
35,11,"minsk, belarus",russian16,russian,male,648,belarus,FALSE
37,18,"pskov, russia",russian17,russian,male,671,russia,FALSE
23,13,"komsomolsk-on-amur, russia",russian18,russian,male,831,russia,FALSE
40,17,"zhezkazgan, kazakhstan",russian19,russian,male,834,kazakhstan,FALSE
50,10,"izmail, ukraine",russian2,russian,female,302,ukraine,FALSE
28,17,"kostanai, kazakhstan",russian20,russian,female,911,kazakhstan,FALSE
46,10,"moscow, russia",russian21,russian,female,954,russia,FALSE
30,11,"riga, latvia",russian22,russian,male,994,latvia,FALSE
21,5,"zaporizhzhya, ukraine",russian23,russian,female,1057,ukraine,FALSE
33,19,"sochi, russia",russian24,russian,female,1073,russia,FALSE
58,41,"orhei, moldova",russian25,russian,female,1096,moldova,FALSE
23,17,"chisinau, moldova",russian26,russian,female,1097,moldova,FALSE
21,14,"moscow, russia",russian27,russian,male,1191,russia,FALSE
25,11,"minsk, belarus",russian28,russian,female,1198,belarus,FALSE
21,6,"chisinau, moldova",russian29,russian,male,1254,moldova,FALSE
35,6,"zaporizhzhya, ukraine",russian3,russian,female,303,ukraine,FALSE
18,12,"stavropol, russia",russian30,russian,male,1279,russia,FALSE
21,4,"tallinn, estonia",russian31,russian,male,1311,estonia,FALSE
31,14,"kiev, ukraine",russian32,russian,female,1314,ukraine,FALSE
24,17,"karaganda, kazakhstan",russian33,russian,female,1317,kazakhstan,FALSE
19,15,"vladivostok, russia",russian34,russian,male,1407,russia,FALSE
27,16,"dresden, germany",russian35,russian,male,1467,germany,FALSE
25,20,"moscow, russia",russian36,russian,male,1518,russia,FALSE
31,10,"st. petersburg, russia",russian37,russian,male,1523,russia,FALSE
84,18,"gomel, belarus",russian38,russian,male,1708,belarus,FALSE
25,5,"brooklyn, new york, usa",russian39,russian,female,1750,usa,FALSE
68,38,"moscow, russia",russian4,russian,female,304,russia,FALSE
23,8,"bishkek, kyrgyzstan",russian40,russian,female,1774,kyrgyzstan,FALSE
30,10,"nizhni novgorod, russia",russian41,russian,female,1844,russia,FALSE
24,4,"moscow, russia",russian42,russian,female,1924,russia,FALSE
27,8,"st. petersburg, russia",russian43,russian,female,1932,russia,FALSE
29,6,"penza, russia",russian44,russian,female,1947,russia,FALSE
68,14,"st. petersburg, russia",russian45,russian,female,2027,russia,FALSE
24,7,"perm, russia",russian46,russian,female,2105,russia,FALSE
26,6,"saransk, russia",russian47,russian,female,2107,russia,FALSE
29,6,"fergana, uzbekistan",russian48,russian,female,2137,uzbekistan,FALSE
25,15,"khabarovsk, russia",russian5,russian,female,305,russia,FALSE
26,11,"moscow, russia",russian6,russian,female,306,russia,FALSE
54,13,"kiev, ukraine",russian7,russian,female,307,ukraine,FALSE
66,12,"moscow, russia",russian8,russian,male,308,russia,FALSE
23,7,"moscow, russia",russian9,russian,male,309,russia,FALSE
24,17,"caracas, venezuela",spanish1,spanish,male,323,venezuela,FALSE
48,47,"san luis de la reina, el salvador",spanish10,spanish,male,324,el salvador,FALSE
30,26,"iquitos, peru",spanish100,spanish,female,1508,peru,FALSE
39,19,"la union, el salvador",spanish101,spanish,female,1574,el salvador,FALSE
31,26,"cochabamba, bolivia",spanish102,spanish,male,1575,bolivia,FALSE
46,15,"san miguel, el salvador",spanish103,spanish,male,1584,el salvador,FALSE
28,20,"san miguel, el salvador",spanish104,spanish,female,1600,el salvador,FALSE
41,10,"jerez de la frontera, spain",spanish105,spanish,female,1613,spain,FALSE
21,5,"lima, peru",spanish106,spanish,male,1621,peru,FALSE
36,14,"san salvador, el salvador",spanish107,spanish,male,1622,el salvador,FALSE
36,24,"medellin, colombia",spanish108,spanish,male,1629,colombia,FALSE
21,16,"maracay, venezuela",spanish109,spanish,male,1660,venezuela,FALSE
49,28,"lima, peru",spanish11,spanish,female,325,peru,FALSE
20,18,"caracas, venezuela",spanish110,spanish,male,1680,venezuela,FALSE
55,33,"santiago, chile",spanish111,spanish,male,1689,chile,FALSE
25,15,"la paz, bolivia",spanish112,spanish,male,1693,bolivia,FALSE
19,8,"cochabamba, bolivia",spanish113,spanish,male,1695,bolivia,FALSE
22,8,"seville, spain",spanish114,spanish,female,1732,spain,FALSE
58,8,"la paz, bolivia",spanish115,spanish,female,1744,bolivia,FALSE
37,6,"bogota, colombia",spanish116,spanish,male,1747,colombia,FALSE
46,12,"madrid, spain",spanish117,spanish,male,1797,spain,FALSE
48,13,"monterrey, mexico",spanish118,spanish,female,1806,mexico,FALSE
40,11,"madrid, spain",spanish119,spanish,female,1807,spain,FALSE
25,8,"oviedo, spain",spanish12,spanish,male,326,spain,FALSE
25,2,"bogota, colombia",spanish120,spanish,female,1823,colombia,FALSE
34,21,"pasaquina, el salvador",spanish121,spanish,male,1826,el salvador,FALSE
26,10,"toluca, mexico",spanish122,spanish,female,1831,mexico,FALSE
57,14,"ilbague, colombia",spanish123,spanish,female,1834,colombia,FALSE
22,5,"santa cruz, bolivia",spanish124,spanish,male,1835,bolivia,FALSE
23,9,"lima, peru",spanish125,spanish,male,1840,peru,FALSE
54,5,"colon, panama",spanish126,spanish,female,1853,panama,FALSE
34,19,"san salvador, el salvador",spanish127,spanish,male,1860,el salvador,FALSE
30,7,"lima, peru",spanish128,spanish,female,1869,peru,FALSE
47,30,"havana, cuba",spanish129,spanish,female,1874,cuba,FALSE
29,11,"duitama, colombia",spanish13,spanish,female,327,colombia,FALSE
27,21,"guayaquil, ecuador",spanish130,spanish,male,1891,ecuador,FALSE
56,25,"havana, cuba",spanish131,spanish,male,1903,cuba,FALSE
50,15,"rio piedras, puerto rico",spanish132,spanish,female,1904,puerto rico,FALSE
38,19,"cochabamba, bolivia",spanish133,spanish,male,1916,bolivia,FALSE
41,13,"la union, el salvador",spanish134,spanish,female,1921,el salvador,FALSE
41,22,"santiago de cuba, cuba",spanish135,spanish,female,1923,cuba,FALSE
49,8,"santiago, chile",spanish136,spanish,male,1949,chile,FALSE
24,21,"santa ana, el salvador",spanish137,spanish,female,1979,el salvador,FALSE
24,16,"san miguel, el salvador",spanish138,spanish,female,1980,el salvador,FALSE
50,38,"guatemala city, guatemala",spanish139,spanish,male,1981,guatemala,FALSE
34,15,"pereira, colombia",spanish14,spanish,female,328,colombia,FALSE
37,31,"cochabamba, bolivia",spanish140,spanish,female,1985,bolivia,FALSE
24,12,"la union, el salvador",spanish141,spanish,male,2009,el salvador,FALSE
59,8,"san salvador, el salvador",spanish142,spanish,female,2016,el salvador,FALSE
45,6,"oviedo, spain",spanish143,spanish,male,2026,spain,FALSE
33,23,"florencia, zacatecas, mexico",spanish144,spanish,female,2051,mexico,FALSE
37,21,"florencia, zacatecas, mexico",spanish145,spanish,female,2052,mexico,FALSE
25,18,"las palmas, oaxaca, mexico",spanish146,spanish,male,2057,mexico,FALSE
26,15,"puerto_cabezas, nicaragua",spanish147,spanish,male,2078,nicaragua,FALSE
19,11,"la ceiba, honduras",spanish148,spanish,male,2079,honduras,FALSE
23,22,"bilwi, puerto cabezas, nicaragua",spanish149,spanish,male,2091,nicaragua,FALSE
54,4,"san juan, puerto rico",spanish15,spanish,male,329,puerto rico,FALSE
18,13,"bilwi, puerto cabezas, nicaragua",spanish150,spanish,male,2094,nicaragua,FALSE
58,50,"bilwas karma, rio coco, nicaragua",spanish151,spanish,female,2096,nicaragua,FALSE
51,25,"barcelona, spain",spanish152,spanish,male,2100,spain,FALSE
21,10,"bogota, colombia",spanish153,spanish,male,2118,colombia,FALSE
30,4,"montevideo, uruguay",spanish154,spanish,male,2127,uruguay,FALSE
27,9,"lima, peru",spanish155,spanish,male,2130,peru,FALSE
65,8,"montevideo, uruguay",spanish156,spanish,female,2142,uruguay,FALSE
19,3,"mexico city, mexico",spanish157,spanish,female,2144,mexico,FALSE
54,37,"santurce, puerto rico",spanish158,spanish,female,2148,puerto rico,FALSE
29,21,"san salvador, el salvador",spanish159,spanish,male,2149,el salvador,FALSE
44,25,"buenos aires, argentina",spanish16,spanish,male,330,argentina,FALSE
20,7,"bogota, colombia",spanish160,spanish,male,2150,colombia,FALSE
56,32,"leon, nicaragua",spanish161,spanish,female,2156,nicaragua,FALSE
28,5,"mexico city, mexico",spanish162,spanish,male,2169,mexico,FALSE
22,9,"puebla, mexico",spanish17,spanish,female,331,mexico,FALSE
22,17,"la paz, bolivia",spanish18,spanish,male,332,bolivia,FALSE
25,17,"havana, cuba",spanish19,spanish,female,333,cuba,FALSE
20,12,"puerto la cruz, venezuela",spanish2,spanish,male,334,venezuela,FALSE
45,30,"managua, nicaragua",spanish20,spanish,male,335,nicaragua,FALSE
25,18,"santiago, chile",spanish21,spanish,male,336,chile,FALSE
32,11,"madrid, spain",spanish22,spanish,female,337,spain,FALSE
22,7,"santiago, chile",spanish23,spanish,male,338,chile,FALSE
27,5,"mexico city, mexico",spanish24,spanish,male,339,mexico,FALSE
26,21,"san jose, costa rica",spanish25,spanish,male,340,costa rica,FALSE
18,6,"burgos, spain",spanish26,spanish,male,341,spain,FALSE
34,14,"zaragoza, spain",spanish27,spanish,male,342,spain,FALSE
20,18,"san miguel, el salvador",spanish28,spanish,female,343,el salvador,FALSE
18,10,"maracaibo, zulia, venezuela",spanish29,spanish,male,410,venezuela,FALSE
17,16,"bogota, colombia",spanish3,spanish,female,344,colombia,FALSE
18,5,"buenos aires, argentina",spanish30,spanish,male,441,argentina,FALSE
31,7,"guayaquil, ecuador",spanish31,spanish,female,449,ecuador,FALSE
26,22,"santa cruz, bolivia",spanish32,spanish,male,450,bolivia,FALSE
18,15,"caracas, venezuela",spanish33,spanish,male,467,venezuela,FALSE
28,11,"cartagena, spain",spanish34,spanish,male,476,spain,FALSE
28,17,"mexico city, mexico",spanish35,spanish,male,479,mexico,FALSE
27,25,"montevideo, uruguay",spanish36,spanish,male,499,uruguay,FALSE
50,17,"tegucigalpa, honduras",spanish37,spanish,female,575,honduras,FALSE
53,13,"tegucigalpa, honduras",spanish38,spanish,male,576,honduras,FALSE
20,3,"pamplona, spain",spanish39,spanish,male,614,spain,FALSE
21,17,"cabanas, el salvador",spanish4,spanish,female,345,el salvador,FALSE
20,6,"cartago, costa rica",spanish40,spanish,male,644,costa rica,FALSE
25,6,"bonao, dominican republic",spanish41,spanish,male,706,dominican republic,FALSE
80,18,"bogota, colombia",spanish42,spanish,female,712,colombia,FALSE
43,16,"santiago-dr, dominican republic",spanish43,spanish,male,714,dominican republic,FALSE
37,4,"la romana, dominican republic",spanish44,spanish,female,716,dominican republic,FALSE
47,12,"santiago-dr, dominican republic",spanish45,spanish,female,715,dominican republic,FALSE
33,14,"santo domingo, dominican republic",spanish46,spanish,male,717,dominican republic,FALSE
25,12,"santo domingo, dominican republic",spanish47,spanish,female,718,dominican republic,FALSE
21,6,"bilbao, spain",spanish48,spanish,male,731,spain,FALSE
31,6,"tandil, argentina",spanish49,spanish,male,732,argentina,FALSE
52,13,"bogota, colombia",spanish5,spanish,female,346,colombia,FALSE
27,15,"santo domingo, dominican republic",spanish50,spanish,male,752,dominican republic,FALSE
20,6,"caguas, puerto rico",spanish51,spanish,male,753,puerto rico,FALSE
29,21,"popayan, cauca, colombia",spanish52,spanish,female,777,colombia,FALSE
33,6,"bogota, colombia",spanish53,spanish,male,797,colombia,FALSE
25,18,"vina del mar, chile",spanish54,spanish,male,800,chile,FALSE
36,9,"tandil, argentina",spanish55,spanish,male,810,argentina,FALSE
22,8,"monterrey, mexico",spanish56,spanish,male,838,mexico,FALSE
33,11,"montevideo, uruguay",spanish57,spanish,male,886,uruguay,FALSE
31,18,"bogota, colombia",spanish58,spanish,male,906,colombia,FALSE
31,5,"mayaguez, puerto rico",spanish59,spanish,female,908,puerto rico,FALSE
20,19,"lima, peru",spanish6,spanish,male,347,peru,FALSE
18,9,"santiago-dr, dominican republic",spanish60,spanish,female,915,dominican republic,FALSE
67,39,"azuaga, spain",spanish61,spanish,male,924,spain,FALSE
63,19,"buenos aires, argentina",spanish62,spanish,female,925,argentina,FALSE
32,10,"la coruna, spain",spanish63,spanish,female,959,spain,FALSE
28,12,"medellin, colombia",spanish64,spanish,male,962,colombia,FALSE
32,12,"barranquilla, colombia",spanish65,spanish,male,1069,colombia,FALSE
30,12,"san salvador, el salvador",spanish66,spanish,male,1077,el salvador,FALSE
48,14,"santa marta, colombia",spanish67,spanish,female,1111,colombia,FALSE
27,14,"san fernando, chile",spanish68,spanish,male,1227,chile,FALSE
20,7,"caracas, venezuela",spanish69,spanish,female,1229,venezuela,FALSE
21,20,"bogota, colombia",spanish7,spanish,female,348,colombia,FALSE
30,10,"bogota, colombia",spanish70,spanish,female,1230,colombia,FALSE
24,6,"rosario, argentina",spanish71,spanish,male,1231,argentina,FALSE
20,5,"miami, florida, usa",spanish72,spanish,female,1238,usa,FALSE
19,15,"merida, venezuela",spanish73,spanish,male,1240,venezuela,FALSE
44,14,"zaragoza, spain",spanish74,spanish,male,1249,spain,FALSE
28,5,"lima, peru",spanish75,spanish,female,1273,peru,FALSE
27,10,"la paz, bolivia",spanish76,spanish,male,1290,bolivia,FALSE
45,13,"jalisco, mexico",spanish77,spanish,male,1301,mexico,FALSE
55,5,"lima, peru",spanish78,spanish,female,1338,peru,FALSE
70,22,"lamas, peru",spanish79,spanish,female,1344,peru,FALSE
21,12,"san salvador, el salvador",spanish8,spanish,male,349,el salvador,FALSE
77,75,"bogota, colombia",spanish80,spanish,female,1346,colombia,FALSE
63,7,"san juan, puerto rico",spanish81,spanish,female,1347,puerto rico,FALSE
49,14,"la paz, bolivia",spanish82,spanish,male,1396,bolivia,FALSE
48,14,"la paz, bolivia",spanish83,spanish,male,1397,bolivia,FALSE
19,4,"buenos aires, argentina",spanish84,spanish,female,1398,argentina,FALSE
44,6,"buenos aires, argentina",spanish85,spanish,female,1399,argentina,FALSE
23,4,"buenos aires, argentina",spanish86,spanish,male,1400,argentina,FALSE
55,9,"la paz, bolivia",spanish87,spanish,male,1401,bolivia,FALSE
53,25,"la paz, bolivia",spanish88,spanish,male,1402,bolivia,FALSE
22,13,"monterrey, mexico",spanish89,spanish,male,1425,mexico,FALSE
20,17,"araure, venezuela",spanish9,spanish,male,350,venezuela,FALSE
23,3,"caracas, venezuela",spanish90,spanish,female,1431,venezuela,FALSE
20,7,"caracas, venezuela",spanish91,spanish,female,1433,venezuela,FALSE
54,9,"cardenas, cuba",spanish92,spanish,male,1435,cuba,FALSE
29,18,"santa rosa, honduras",spanish93,spanish,female,1436,honduras,FALSE
19,6,"bogota, colombia",spanish94,spanish,male,1439,colombia,FALSE
31,21,"juarez, mexico",spanish95,spanish,female,1444,mexico,FALSE
29,12,"arequipa, peru",spanish96,spanish,female,1449,peru,FALSE
52,19,"bogota, colombia",spanish97,spanish,female,1450,colombia,FALSE
34,29,"veracruz, mexico",spanish98,spanish,male,1451,mexico,FALSE
20,4,"lima, peru",spanish99,spanish,female,1506,peru,FALSE
